URL d'origine	Source Jekyll
/	index.html
/actualites/	actualites/index.html
/actualites/allergie/	_articles/actualites/allergie.html
/actualites/arreter-le-tabac/	_articles/actualites/arreter-le-tabac.html
/actualites/brossage-a-sec/	_articles/actualites/brossage-a-sec.html
/actualites/cadeaux-offrez-du-bien-etre/	_articles/actualites/cadeaux-offrez-du-bien-etre.html
/actualites/comment-la-methode-jmv-de-jean-marc-vergnolle-peut-vous-aider-a-vaincre-le-burnout/	_articles/actualites/comment-la-methode-jmv-de-jean-marc-vergnolle-peut-vous-aider-a-vaincre-le-burnout.html
/actualites/constipation/	_articles/actualites/constipation.html
/actualites/dormir-n-est-pas-pour-les-faibles-l-art-subtil-de-la-gestion-du-sommeil/	_articles/actualites/dormir-n-est-pas-pour-les-faibles-l-art-subtil-de-la-gestion-du-sommeil.html
/actualites/douleurs-articulaires-mal-au-dos/	_articles/actualites/douleurs-articulaires-mal-au-dos.html
/actualites/equilibre-acido-basique-en-naturopathie-impact-de-notre-mode-de-vie-moderne-role-aliments/	_articles/actualites/equilibre-acido-basique-en-naturopathie-impact-de-notre-mode-de-vie-moderne-role-aliments.html
/actualites/gerer-les-intolerances-alimentaires-la-methode-jmvr/	_articles/actualites/gerer-les-intolerances-alimentaires-la-methode-jmvr.html
/actualites/gestion-douleurs-musculaires-rhumatismales-la-methode-points-knap/	_articles/actualites/gestion-douleurs-musculaires-rhumatismales-la-methode-points-knap.html
/actualites/gestion-du-tdah-la-methode-jmvr-la-naturopathie/	_articles/actualites/gestion-du-tdah-la-methode-jmvr-la-naturopathie.html
/actualites/gestion-enfants-a-haut-potentiel-intellectuel-la-naturopathie-la-methode-jmvr/	_articles/actualites/gestion-enfants-a-haut-potentiel-intellectuel-la-naturopathie-la-methode-jmvr.html
/actualites/hypertension-arterielle-hta/	_articles/actualites/hypertension-arterielle-hta.html
/actualites/l-aloe-vera/	_articles/actualites/l-aloe-vera.html
/actualites/la-gestion-du-stress-la-methode-jmvr-de-jean-marc-vergnolle/	_articles/actualites/la-gestion-du-stress-la-methode-jmvr-de-jean-marc-vergnolle.html
/actualites/la-methode-jmvr-de-jean-marc-vergnolle-pertinence-pour-vaincre-le-harcelement-scolaire/	_articles/actualites/la-methode-jmvr-de-jean-marc-vergnolle-pertinence-pour-vaincre-le-harcelement-scolaire.html
/actualites/la-naturopathie-implication-clients/	_articles/actualites/la-naturopathie-implication-clients.html
/actualites/le-naturopathe/	_articles/actualites/le-naturopathe.html
/actualites/le-tda-h-causes-consequences/	_articles/actualites/le-tda-h-causes-consequences.html
/actualites/naturopathe-au-club-bien-etre-de-gujan-mestras/	_articles/actualites/naturopathe-au-club-bien-etre-de-gujan-mestras.html
/actualites/nouveau-support-de-communication-web/	_articles/actualites/nouveau-support-de-communication-web.html
/actualites/page/1/	actualites/index.html (redirect_from)
/actualites/page/2/	actualites/index.html (redirect_from)
/actualites/page/3/	actualites/index.html (redirect_from)
/actualites/point-sur-les-principes-de-la-naturopathie/	_articles/actualites/point-sur-les-principes-de-la-naturopathie.html
/actualites/remise-en-forme-de-la-rentree/	_articles/actualites/remise-en-forme-de-la-rentree.html
/actualites/soulager-les-problemes-digestifs-a-biscarosse/	_articles/actualites/soulager-les-problemes-digestifs-a-biscarosse.html
/actualites/soulager-vos-allergies/	_articles/actualites/soulager-vos-allergies.html
/actualites/syndicat-professionnels-de-la-naturopathie/	_articles/actualites/syndicat-professionnels-de-la-naturopathie.html
/actualites/syndrome-premenstruel-spm/	_articles/actualites/syndrome-premenstruel-spm.html
/actualites/troubles-emotionnels-anxiete-confiance-en-soi/	_articles/actualites/troubles-emotionnels-anxiete-confiance-en-soi.html
/actualites/union-de-la-naturopathie-de-la-methode-jmvr/	_articles/actualites/union-de-la-naturopathie-de-la-methode-jmvr.html
/actualites/vaincre-le-surpoids-la-methode-jmvr-a-biscarrosse/	_articles/actualites/vaincre-le-surpoids-la-methode-jmvr-a-biscarrosse.html
/actualites/vaincre-phobie-peur/	_articles/actualites/vaincre-phobie-peur.html
/blog/	blog/index.html
/blog/naturopathe-a-arcachon-pour-probleme-de-surpoids/12/	_articles/blog/naturopathe-a-arcachon-pour-probleme-de-surpoids/12.html
/blog/naturopathe-a-arcachon-remise-en-forme-de-la-rentree/10/	_articles/blog/naturopathe-a-arcachon-remise-en-forme-de-la-rentree/10.html
/blog/naturopathe-a-biscarrosse-pour-consultation-a-domicile-pour-traiter-probleme-d-anxiete-la-methode/3/	_articles/blog/naturopathe-a-biscarrosse-pour-consultation-a-domicile-pour-traiter-probleme-d-anxiete-la-methode/3.html
/blog/reflexologue-a-arcachon-pour-trouble-du-sommeil/11/	_articles/blog/reflexologue-a-arcachon-pour-trouble-du-sommeil/11.html
/blog/sophie-fressingeas-naturopathe-a-arcachon-pour-probleme-d-allergie/16/	_articles/blog/sophie-fressingeas-naturopathe-a-arcachon-pour-probleme-d-allergie/16.html
/blog/sophie-fressingeas-naturopathe-a-arcachon-pour-probleme-d-allergie/17/	_articles/blog/sophie-fressingeas-naturopathe-a-arcachon-pour-probleme-d-allergie/17.html
/blog/sophie-fressingeas-naturopathe-a-arcachon-pour-trouble-du-sommeil/13/	_articles/blog/sophie-fressingeas-naturopathe-a-arcachon-pour-trouble-du-sommeil/13.html
/blog/sophie-fressingeas-naturopathe-a-biscarrosse-remise-en-forme-perte-de-poids/18/	_articles/blog/sophie-fressingeas-naturopathe-a-biscarrosse-remise-en-forme-perte-de-poids/18.html
/blog/sophie-fressingeas-naturopathe-pour-intolerances-alimentaires/15/	_articles/blog/sophie-fressingeas-naturopathe-pour-intolerances-alimentaires/15.html
/blog/sophie-fressingeas-naturopathe-pour-probleme-d-allergie/14/	_articles/blog/sophie-fressingeas-naturopathe-pour-probleme-d-allergie/14.html
/contact.html	contact.html
/flottant-rappel-gratuit/	flottant-rappel-gratuit/index.html
/knap/la-gestion-douleurs-rhumatismales-musculaires-grace-a-la-methode-knap/	_articles/knap/la-gestion-douleurs-rhumatismales-musculaires-grace-a-la-methode-knap.html
/knap/mal-de-dos/	_articles/knap/mal-de-dos.html
/knap/sf/9/	knap/sf/9/index.html
/liens-utiles/	liens-utiles/index.html
/mentions-legales/	mentions-legales/index.html
/merci/	merci/index.html
/methode-jmv/arreter-le-tabac/	_articles/methode-jmv/arreter-le-tabac.html
/methode-jmv/deroulement-d-seance-la-methode-jmvr/	_articles/methode-jmv/deroulement-d-seance-la-methode-jmvr.html
/methode-jmv/lutter-contre-le-harcelement-scolaire-la-methode-jmv/	_articles/methode-jmv/lutter-contre-le-harcelement-scolaire-la-methode-jmv.html
/methode-jmv/point-sur-vos-emonctoires/	_articles/methode-jmv/point-sur-vos-emonctoires.html
/methode-jmv/sf/6/	methode-jmv/sf/6/index.html
/methode-jmv/traitement-de-phobie/	_articles/methode-jmv/traitement-de-phobie.html
/methode-jmvr/comment-la-methode-jmvr-de-jean-marc-vergnolle-peut-aider-a-vaincre-le-burnout/	_articles/methode-jmvr/comment-la-methode-jmvr-de-jean-marc-vergnolle-peut-aider-a-vaincre-le-burnout.html
/methode-jmvr/comment-la-methode-jmvr-peut-vous-aider-a-gerer-le-stress/	_articles/methode-jmvr/comment-la-methode-jmvr-peut-vous-aider-a-gerer-le-stress.html
/methode-jmvr/gestion-du-sommeil/	_articles/methode-jmvr/gestion-du-sommeil.html
/methode-jmvr/intolerances-alimentaires/	_articles/methode-jmvr/intolerances-alimentaires.html
/methode-jmvr/la-gestion-allergies-a-travers-la-methode-jmv/	_articles/methode-jmvr/la-gestion-allergies-a-travers-la-methode-jmv.html
/methode-jmvr/traitement-de-phobie/	_articles/methode-jmvr/traitement-de-phobie.html
/naturopathe-secteur/	naturopathe-secteur/index.html
/naturopathe/sf/8/	naturopathe/sf/8/index.html
/naturopathie-methode-jmv/osses/54/	naturopathie-methode-jmv/osses/54/index.html
/naturopathie-methode-jmv/saint-jean-pied-de-port/53/	naturopathie-methode-jmv/saint-jean-pied-de-port/53/index.html
/naturopathie/constipation/	_articles/naturopathie/constipation.html
/naturopathie/equilibre-acido-basique-en-naturopathie-impact-de-notre-mode-de-vie-moderne-role/	_articles/naturopathie/equilibre-acido-basique-en-naturopathie-impact-de-notre-mode-de-vie-moderne-role.html
/naturopathie/hypertension-arterielle-hta/	_articles/naturopathie/hypertension-arterielle-hta.html
/naturopathie/l-aloe-vera/	_articles/naturopathie/l-aloe-vera.html
/naturopathie/le-syndicat-professionnels-de-la-naturopathie-spn/	_articles/naturopathie/le-syndicat-professionnels-de-la-naturopathie-spn.html
/naturopathie/les-grands-principes-de-la-naturopathie-causalisme-vitalisme-humorisme-hygienisme/	_articles/naturopathie/les-grands-principes-de-la-naturopathie-causalisme-vitalisme-humorisme-hygienisme.html
/naturopathie/organisation-de-la-medecine-naturelle-de-l-education-sanitaire-omnes/	_articles/naturopathie/organisation-de-la-medecine-naturelle-de-l-education-sanitaire-omnes.html
/presentation-de-votre-naturopathe/	presentation-de-votre-naturopathe/index.html
/reflexologie-plantaire/sf/9/	knap/sf/9/index.html (redirect_from)
/rendez-vous-naturopathe-soins-energetiques-sophie-fressingeas/	rendez-vous-naturopathe-soins-energetiques-sophie-fressingeas/index.html
/savoir-faire/presta/2/	presentation-de-votre-naturopathe/index.html (redirect_from)
/savoir-faire/presta/6/	methode-jmv/sf/6/index.html (redirect_from)
/savoir-faire/presta/8/	naturopathe/sf/8/index.html (redirect_from)
/savoir-faire/presta/9/	knap/sf/9/index.html (redirect_from)
/secteur/alleger-l-anxiete-la-naturopathie-osses/54-27/	secteur/alleger-l-anxiete-la-naturopathie-osses/54-27/index.html
/secteur/alleger-l-anxiete-la-naturopathie-saint-jean-pied-de-port/53-27/	secteur/alleger-l-anxiete-la-naturopathie-saint-jean-pied-de-port/53-27/index.html
/secteur/arretez-de-fumer-la-naturopathie-osses/54-39/	secteur/arretez-de-fumer-la-naturopathie-osses/54-39/index.html
/secteur/arretez-de-fumer-la-naturopathie-saint-jean-pied-de-port/53-39/	secteur/arretez-de-fumer-la-naturopathie-saint-jean-pied-de-port/53-39/index.html
/secteur/comment-maigrir-naturopathe-osses/54-24/	secteur/comment-maigrir-naturopathe-osses/54-24/index.html
/secteur/comment-maigrir-naturopathe-saint-jean-pied-de-port/53-24/	secteur/comment-maigrir-naturopathe-saint-jean-pied-de-port/53-24/index.html
/secteur/conseils-pour-le-sevrage-alcoolique-naturopathe-osses/54-42/	secteur/conseils-pour-le-sevrage-alcoolique-naturopathe-osses/54-42/index.html
/secteur/conseils-pour-le-sevrage-alcoolique-naturopathe-saint-jean-pied-de-port/53-42/	secteur/conseils-pour-le-sevrage-alcoolique-naturopathe-saint-jean-pied-de-port/53-42/index.html
/secteur/consultation-de-naturopathie-pour-bilan-de-sante-personnalise-osses/54-36/	secteur/consultation-de-naturopathie-pour-bilan-de-sante-personnalise-osses/54-36/index.html
/secteur/consultation-de-naturopathie-pour-bilan-de-sante-personnalise-saint-jean-pied-de-port/53-36/	secteur/consultation-de-naturopathie-pour-bilan-de-sante-personnalise-saint-jean-pied-de-port/53-36/index.html
/secteur/diminuer-douleurs-musculaires-methode-knap-osses/54-52/	secteur/diminuer-douleurs-musculaires-methode-knap-osses/54-52/index.html
/secteur/diminuer-douleurs-musculaires-methode-knap-saint-jean-pied-de-port/53-52/	secteur/diminuer-douleurs-musculaires-methode-knap-saint-jean-pied-de-port/53-52/index.html
/secteur/diminuer-l-anxiete-la-naturopathie-osses/54-28/	secteur/diminuer-l-anxiete-la-naturopathie-osses/54-28/index.html
/secteur/diminuer-l-anxiete-la-naturopathie-saint-jean-pied-de-port/53-28/	secteur/diminuer-l-anxiete-la-naturopathie-saint-jean-pied-de-port/53-28/index.html
/secteur/faire-bilan-de-sante-personnalise-osses/54-37/	secteur/faire-bilan-de-sante-personnalise-osses/54-37/index.html
/secteur/faire-bilan-de-sante-personnalise-saint-jean-pied-de-port/53-37/	secteur/faire-bilan-de-sante-personnalise-saint-jean-pied-de-port/53-37/index.html
/secteur/gerer-emotions-la-naturopathie-osses/54-45/	secteur/gerer-emotions-la-naturopathie-osses/54-45/index.html
/secteur/gerer-emotions-la-naturopathie-saint-jean-pied-de-port/53-45/	secteur/gerer-emotions-la-naturopathie-saint-jean-pied-de-port/53-45/index.html
/secteur/gerer-stress-naturopathie-osses/54-30/	secteur/gerer-stress-naturopathie-osses/54-30/index.html
/secteur/gerer-stress-naturopathie-saint-jean-pied-de-port/53-30/	secteur/gerer-stress-naturopathie-saint-jean-pied-de-port/53-30/index.html
/secteur/naturopathe-pour-vaincre-phobies-osses/54-47/	secteur/naturopathe-pour-vaincre-phobies-osses/54-47/index.html
/secteur/naturopathe-pour-vaincre-phobies-saint-jean-pied-de-port/53-47/	secteur/naturopathe-pour-vaincre-phobies-saint-jean-pied-de-port/53-47/index.html
/secteur/naturopathe-specialiste-perte-de-poids-osses/54-22/	secteur/naturopathe-specialiste-perte-de-poids-osses/54-22/index.html
/secteur/naturopathe-specialiste-perte-de-poids-saint-jean-pied-de-port/53-22/	secteur/naturopathe-specialiste-perte-de-poids-saint-jean-pied-de-port/53-22/index.html
/secteur/perte-de-poids-naturopathie-osses/54-21/	secteur/perte-de-poids-naturopathie-osses/54-21/index.html
/secteur/perte-de-poids-naturopathie-saint-jean-pied-de-port/53-21/	secteur/perte-de-poids-naturopathie-saint-jean-pied-de-port/53-21/index.html
/secteur/qui-consulter-quand-on-veut-perdre-du-poids-osses/54-23/	secteur/qui-consulter-quand-on-veut-perdre-du-poids-osses/54-23/index.html
/secteur/qui-consulter-quand-on-veut-perdre-du-poids-saint-jean-pied-de-port/53-23/	secteur/qui-consulter-quand-on-veut-perdre-du-poids-saint-jean-pied-de-port/53-23/index.html
/secteur/qui-peut-consulter-naturopathe-osses/54-35/	secteur/qui-peut-consulter-naturopathe-osses/54-35/index.html
/secteur/qui-peut-consulter-naturopathe-saint-jean-pied-de-port/53-35/	secteur/qui-peut-consulter-naturopathe-saint-jean-pied-de-port/53-35/index.html
/secteur/rendez-vous-naturopathe-a-domicile-osses/54-33/	secteur/rendez-vous-naturopathe-a-domicile-osses/54-33/index.html
/secteur/rendez-vous-naturopathe-a-domicile-saint-jean-pied-de-port/53-33/	secteur/rendez-vous-naturopathe-a-domicile-saint-jean-pied-de-port/53-33/index.html
/secteur/seance-de-naturopathie-a-domicile-osses/54-34/	secteur/seance-de-naturopathie-a-domicile-osses/54-34/index.html
/secteur/seance-de-naturopathie-a-domicile-saint-jean-pied-de-port/53-34/	secteur/seance-de-naturopathie-a-domicile-saint-jean-pied-de-port/53-34/index.html
/secteur/seances-de-naturopathie-pour-problemes-de-surpoids-osses/54-25/	secteur/seances-de-naturopathie-pour-problemes-de-surpoids-osses/54-25/index.html
/secteur/seances-de-naturopathie-pour-problemes-de-surpoids-saint-jean-pied-de-port/53-25/	secteur/seances-de-naturopathie-pour-problemes-de-surpoids-saint-jean-pied-de-port/53-25/index.html
/secteur/sevrage-tabagique-alcoolique-naturopathie-osses/54-41/	secteur/sevrage-tabagique-alcoolique-naturopathie-osses/54-41/index.html
/secteur/sevrage-tabagique-alcoolique-naturopathie-saint-jean-pied-de-port/53-41/	secteur/sevrage-tabagique-alcoolique-naturopathie-saint-jean-pied-de-port/53-41/index.html
/secteur/soigner-allergies-naturellement-naturopathe-osses/54-44/	secteur/soigner-allergies-naturellement-naturopathe-osses/54-44/index.html
/secteur/soigner-allergies-naturellement-naturopathe-saint-jean-pied-de-port/53-44/	secteur/soigner-allergies-naturellement-naturopathe-saint-jean-pied-de-port/53-44/index.html
/secteur/soigner-la-dependance-au-tabac-osses/54-38/	secteur/soigner-la-dependance-au-tabac-osses/54-38/index.html
/secteur/soigner-la-dependance-au-tabac-saint-jean-pied-de-port/53-38/	secteur/soigner-la-dependance-au-tabac-saint-jean-pied-de-port/53-38/index.html
/secteur/soulager-l-anxiete-la-naturopathie-osses/54-26/	secteur/soulager-l-anxiete-la-naturopathie-osses/54-26/index.html
/secteur/soulager-l-anxiete-la-naturopathie-saint-jean-pied-de-port/53-26/	secteur/soulager-l-anxiete-la-naturopathie-saint-jean-pied-de-port/53-26/index.html
/secteur/stopper-l-addiction-au-tabac-naturopathe-osses/54-40/	secteur/stopper-l-addiction-au-tabac-naturopathe-osses/54-40/index.html
/secteur/stopper-l-addiction-au-tabac-naturopathe-saint-jean-pied-de-port/53-40/	secteur/stopper-l-addiction-au-tabac-naturopathe-saint-jean-pied-de-port/53-40/index.html
/secteur/tarif-seance-de-naturopathie-osses/54-31/	secteur/tarif-seance-de-naturopathie-osses/54-31/index.html
/secteur/tarif-seance-de-naturopathie-saint-jean-pied-de-port/53-31/	secteur/tarif-seance-de-naturopathie-saint-jean-pied-de-port/53-31/index.html
/secteur/traitement-naturel-contre-les-allergies-osses/54-43/	secteur/traitement-naturel-contre-les-allergies-osses/54-43/index.html
/secteur/traitement-naturel-contre-les-allergies-saint-jean-pied-de-port/53-43/	secteur/traitement-naturel-contre-les-allergies-saint-jean-pied-de-port/53-43/index.html
/secteur/traitement-naturel-de-l-anxiete-du-stress-osses/54-29/	secteur/traitement-naturel-de-l-anxiete-du-stress-osses/54-29/index.html
/secteur/traitement-naturel-de-l-anxiete-du-stress-saint-jean-pied-de-port/53-29/	secteur/traitement-naturel-de-l-anxiete-du-stress-saint-jean-pied-de-port/53-29/index.html
/secteur/traitements-carences-la-naturopathie-osses/54-48/	secteur/traitements-carences-la-naturopathie-osses/54-48/index.html
/secteur/traitements-carences-la-naturopathie-saint-jean-pied-de-port/53-48/	secteur/traitements-carences-la-naturopathie-saint-jean-pied-de-port/53-48/index.html
/secteur/traitements-phobies-scolaire-naturopathie-osses/54-51/	secteur/traitements-phobies-scolaire-naturopathie-osses/54-51/index.html
/secteur/traitements-phobies-scolaire-naturopathie-saint-jean-pied-de-port/53-51/	secteur/traitements-phobies-scolaire-naturopathie-saint-jean-pied-de-port/53-51/index.html
/secteur/trouver-naturopathe-serieux-osses/54-32/	secteur/trouver-naturopathe-serieux-osses/54-32/index.html
/secteur/trouver-naturopathe-serieux-saint-jean-pied-de-port/53-32/	secteur/trouver-naturopathe-serieux-saint-jean-pied-de-port/53-32/index.html
/secteur/trouver-praticien-methode-jmv-osses/54-50/	secteur/trouver-praticien-methode-jmv-osses/54-50/index.html
/secteur/trouver-praticien-methode-jmv-saint-jean-pied-de-port/53-50/	secteur/trouver-praticien-methode-jmv-saint-jean-pied-de-port/53-50/index.html
/secteur/vaincre-phobies-la-naturopathie-osses/54-46/	secteur/vaincre-phobies-la-naturopathie-osses/54-46/index.html
/secteur/vaincre-phobies-la-naturopathie-saint-jean-pied-de-port/53-46/	secteur/vaincre-phobies-la-naturopathie-saint-jean-pied-de-port/53-46/index.html
/sitemap/	sitemap/index.html
/sophie-fressingeas/	index.html (redirect_from)
/sophie-fressingeas/cultiver-bien-etre-au-quotidien/	_articles/sophie-fressingeas/cultiver-bien-etre-au-quotidien.html
/sophie-fressingeas/gestion-du-tdah-la-methode-jmvr-la-naturopathie/	_articles/sophie-fressingeas/gestion-du-tdah-la-methode-jmvr-la-naturopathie.html
/sophie-fressingeas/gestion-enfants-a-haut-potentiel-intellectuel-la-naturopathie-la-methode-jmvr/	_articles/sophie-fressingeas/gestion-enfants-a-haut-potentiel-intellectuel-la-naturopathie-la-methode-jmvr.html
/sophie-fressingeas/le-tdah-causes-multifactorielles-repercussions-significatives/	_articles/sophie-fressingeas/le-tdah-causes-multifactorielles-repercussions-significatives.html
/sophie-fressingeas/soulager-vos-allergies/	_articles/sophie-fressingeas/soulager-vos-allergies.html
/sophie-fressingeas/union-de-la-naturopathie-a-la-methode-jmvr/	_articles/sophie-fressingeas/union-de-la-naturopathie-a-la-methode-jmvr.html
/soref-demande-d-information/	soref-demande-d-information/index.html
/404.html	404.html
